spot	row	col	min	max	mean	std_deviation	mean_minus_min	normalized_mean
0	0	0	2700.0	7053.0	5169.481751824817	1343.083754682122	2900.6861313868612	0.14406951404626464
0	0	1	3820.0	7269.0	6080.474452554745	953.0183403603087	3811.6788321167887	0.18931614527385768
0	0	2	4369.0	7192.0	6149.007299270073	756.541594210033	3880.2116788321173	0.19271999301031162
0	0	3	2131.0	5664.0	2965.7518248175184	931.4381178414211	696.9562043795622	0.03461599674297924
0	0	4	2021.0	2704.0	2268.795620437956	141.88562806453174	0.0	0.0
0	0	5	2345.0	3842.0	3052.92700729927	370.32109745614673	784.1313868613138	0.03894576067060404
0	0	6	6899.0	10901.0	9441.248175182482	968.7053806120789	7172.4525547445255	0.3562370098925118
0	0	7	6675.0	10776.0	9041.459854014598	914.6534221045836	6772.664233576642	0.3363805667810708
0	0	8	7063.0	11086.0	9673.299270072992	860.631354818381	7404.503649635036	0.3677623824976462
0	0	9	5931.0	10073.0	8684.751824817518	924.0906562114893	6415.956204379562	0.3186638094019285
0	0	10	5500.0	9685.0	8166.299270072993	876.7115476141805	5897.503649635037	0.29291362333047777
0	0	11	7596.0	12331.0	10752.60583941606	1018.3145486369378	8483.810218978102	0.4213687245522593
0	0	12	11941.0	16710.0	14428.883211678833	995.1456889031629	12160.087591240877	0.6039598324940029
0	0	13	7851.0	11307.0	9380.766423357663	806.4003554538428	7111.970802919707	0.35323303903893233
0	0	14	5736.0	8502.0	7419.598540145986	536.780564485729	5150.80291970803	0.2558269457563202
0	0	15	5450.0	9397.0	7303.343065693431	788.3515698068996	5034.5474452554745	0.25005283957903807
0	0	16	4775.0	8227.0	6491.729927007299	886.0184278362589	4222.934306569343	0.2097421319782232
0	0	17	5340.0	8923.0	7684.124087591241	925.88959960976	5415.328467153285	0.26896523971404634
0	0	18	5488.0	8358.0	7335.313868613139	687.6284345469026	5066.518248175183	0.25164074596796854
0	0	19	5232.0	7181.0	6574.5474452554745	425.8789004000143	4305.751824817518	0.2138554620898226
0	0	20	5091.0	8581.0	7267.270072992701	965.3068355804681	4998.474452554745	0.24826118812376535
0	0	21	6813.0	11214.0	9670.182481751825	1141.752356860601	7401.386861313868	0.36760757975151076
0	0	22	6404.0	9196.0	8161.189781021898	772.4545344782314	5892.394160583942	0.2926598483368131
0	0	23	4478.0	6249.0	5589.248175182482	427.09051219063997	3320.4525547445255	0.1649182173829345
0	1	0	3168.0	5411.0	4709.306569343065	580.6481870193684	2440.510948905109	0.1212138130454123
0	1	1	5994.0	10953.0	9171.452554744526	1323.7011501334994	6902.65693430657	0.3428369651556058
0	1	2	6899.0	12509.0	10270.43795620438	1251.7313589661808	8001.6423357664235	0.3974207034715332
0	1	3	6410.0	11846.0	10112.14598540146	1128.2148610301167	7843.350364963503	0.38955875416780106
0	1	4	5936.0	11268.0	9785.51094890511	1351.5106858883569	7516.715328467154	0.3733356438942281
0	1	5	4738.0	9280.0	7906.065693430657	1192.776156237177	5637.270072992701	0.27998850036742995
0	1	6	5283.0	8282.0	7463.715328467153	714.5727533546461	5194.919708029197	0.25801811155876214
0	1	7	4744.0	9329.0	7714.751824817518	1371.188529004619	5445.956204379562	0.27048643953321355
0	1	8	5403.0	7608.0	6991.934306569343	425.0234457958408	4723.138686131387	0.23458597878658574
0	1	9	5129.0	7697.0	6756.328467153285	574.5343269001459	4487.532846715329	0.22288405129300173
0	1	10	4703.0	6911.0	6294.065693430657	488.51193923003325	4025.270072992701	0.19992466508045212
0	1	11	4702.0	9469.0	8134.56204379562	1325.1034469124747	5865.766423357664	0.29133731808411484
0	1	12	6051.0	8298.0	7266.124087591241	519.9749774134424	4997.328467153285	0.2482042700180434
0	1	13	5195.0	11473.0	8980.598540145986	1540.6458226601615	6711.80291970803	0.3333577440708192
0	1	14	5012.0	7865.0	6847.6423357664235	610.7873864363918	4578.846715328467	0.22741937296549494
0	1	15	3288.0	4323.0	3861.007299270073	237.18386068587867	1592.2116788321168	0.07908100099008501
0	1	16	3871.0	5640.0	4842.459854014599	390.9375422997775	2573.664233576643	0.12782718938031412
0	1	17	4014.0	5977.0	5326.912408759124	485.27718692899015	3058.1167883211683	0.15188868413677895
0	1	18	3861.0	5295.0	4794.167883211679	343.21517366153216	2525.3722627737225	0.12542865315447754
0	1	19	5251.0	8829.0	7027.92700729927	989.3216008594007	4759.131386861314	0.23637364234910088
0	1	20	4067.0	6784.0	5797.058394160584	701.5709658291605	3528.2627737226276	0.1752396089109826
0	1	21	6057.0	11516.0	8804.182481751825	1552.257441594329	6535.386861313868	0.32459561861098796
0	1	22	7346.0	15480.0	11304.905109489051	2181.0630937390965	9036.109489051094	0.44879998868888593
0	1	23	7418.0	11277.0	9575.941605839416	701.474044281286	7307.14598540146	0.36292688126121825
0	2	0	3589.0	7271.0	5981.6423357664235	1015.3846035835406	3712.8467153284673	0.1844074118249721
0	2	1	3523.0	5057.0	4564.956204379562	355.61173201990005	2296.160583941606	0.11404430693867963
0	2	2	3860.0	6055.0	5242.1021897810215	530.0707123287411	2973.3065693430653	0.1476763817776503
0	2	3	4346.0	7071.0	6108.386861313868	763.814674244225	3839.5912408759123	0.1907024818106773
0	2	4	5415.0	7497.0	6848.861313868613	474.0648562988748	4580.065693430657	0.22747991642826923
0	2	5	6146.0	12281.0	10703.474452554745	1541.9808120434495	8434.678832116788	0.41892849672032073
0	2	6	5379.0	8807.0	7451.5474452554745	691.6555901986075	5182.751824817518	0.25741376453813497
0	2	7	5393.0	8750.0	7860.343065693431	800.9908977043611	5591.5474452554745	0.2777175767098362
0	2	8	5925.0	8788.0	7792.80291970803	686.8863233227775	5524.007299270073	0.2743630338292943
0	2	9	4031.0	7436.0	6115.700729927007	807.9016881527426	3846.905109489051	0.19106574258732306
0	2	10	4510.0	7727.0	6793.474452554745	814.0930905027346	4524.678832116789	0.22472899549694403
0	2	11	5360.0	8492.0	7423.335766423358	825.8140482664957	5154.540145985402	0.25601256403740064
0	2	12	4042.0	8440.0	6676.051094890511	1095.5927238201991	4407.255474452555	0.21889688360682424
0	2	13	3881.0	6628.0	5516.5474452554745	741.7247286561524	3247.7518248175184	0.16130736175879123
0	2	14	4247.0	6245.0	5443.1021897810215	495.45865982754884	3174.3065693430653	0.15765952749271392
0	2	15	2932.0	4047.0	3688.5620437956204	252.12274850445218	1419.7664233576643	0.07051609495390178
0	2	16	3377.0	4554.0	4098.138686131387	266.5867087305563	1829.3430656934306	0.0908586984460632
0	2	17	4184.0	6027.0	5126.525547445255	433.9553223190143	2857.729927007299	0.14193599142095506
0	2	18	4613.0	7255.0	6338.109489051095	691.4353323387189	4069.3138686131388	0.20211220552584172
0	2	19	5901.0	7959.0	7113.941605839416	429.97205392128063	4845.14598540146	0.2406457630995933
0	2	20	4843.0	6327.0	5814.138686131387	348.02753403755435	3545.3430656934306	0.17608794246123316
0	2	21	3119.0	4245.0	3859.810218978102	242.01016425077478	1591.014598540146	0.07902154513442643
0	2	22	4628.0	6398.0	5826.686131386861	375.4967445583175	3557.890510948905	0.17671114133853258
0	2	23	4655.0	6238.0	5626.1824817518245	403.81639353901227	3357.3868613138684	0.16675264805142495
0	3	0	4046.0	7910.0	6446.189781021898	1054.9124617491389	4177.394160583942	0.20748027171326036
0	3	1	6591.0	12958.0	10683.70802919708	1593.3962902102057	8414.912408759123	0.41794675003054355
0	3	2	7238.0	10175.0	8864.321167883212	653.7454862548774	6595.525547445256	0.32758255028642136
0	3	3	5663.0	10171.0	8587.116788321167	936.2703077644693	6318.321167883211	0.3138145318087015
0	3	4	4603.0	6853.0	6198.379562043796	432.901872650055	3929.5839416058398	0.19517218452052298
0	3	5	3076.0	9257.0	4573.883211678832	1123.7665072117009	2305.0875912408756	0.11448768810618234
0	3	6	3358.0	5851.0	5107.948905109489	692.5101859642452	2839.1532846715327	0.1410133380511313
0	3	7	3515.0	5544.0	4704.080291970803	526.5235324945148	2435.284671532847	0.12095423748046387
0	3	8	3306.0	4963.0	4258.496350364963	409.1248393556161	1989.7007299270072	0.09882324535437684
0	3	9	4045.0	5428.0	5024.518248175183	335.0114375174328	2755.7226277372265	0.13686955494029218
0	3	10	5095.0	8767.0	6818.401459854014	655.6616377623044	4549.605839416058	0.22596705493032243
0	3	11	16208.0	26355.0	22402.729927007298	2675.8358960707455	20133.934306569343	1.0
0	3	12	8268.0	13606.0	12075.824817518249	1363.1527518835876	9807.029197080294	0.4870895597330143
0	3	13	10802.0	20206.0	16138.51094890511	2477.7062599390197	13869.715328467155	0.6888725828385024
0	3	14	9347.0	15697.0	13301.569343065694	1703.0360467136868	11032.773722627739	0.5479690931060573
0	3	15	4409.0	9529.0	7639.569343065694	1394.5919485199859	5370.773722627738	0.26675232176929026
0	3	16	4466.0	7526.0	6378.021897810219	812.9046545924906	4109.226277372263	0.2040945507620682
0	3	17	4488.0	6226.0	5398.759124087591	497.7050645292357	3129.9635036496347	0.15545712308340967
0	3	18	6690.0	10063.0	8704.525547445255	1001.5140455998136	6435.729927007299	0.3196459186274108
0	3	19	4517.0	6598.0	5576.992700729927	549.2093313593746	3308.1970802919705	0.16430951993384446
0	3	20	4975.0	7731.0	6483.729927007299	730.2423902945397	4214.934306569343	0.20934479284528534
0	3	21	4740.0	6879.0	6191.737226277372	445.8344995965265	3922.9416058394163	0.1948422770287589
0	3	22	5088.0	7245.0	6542.4525547445255	432.0933989926068	4273.656934306569	0.2122613925939031
0	3	23	5528.0	7707.0	7056.058394160584	533.3250825002261	4787.262773722628	0.2377708549570776
0	4	0	4186.0	6900.0	5731.335766423358	708.6803734590529	3462.540145985402	0.1719753374210443
0	4	1	3969.0	5985.0	5446.6423357664235	446.7616606534162	3177.8467153284673	0.15783535730975307
0	4	2	3793.0	6568.0	5785.299270072993	773.0981537729283	3516.5036496350367	0.17465556388984863
0	4	3	4856.0	6773.0	5988.532846715329	476.9822886571072	3719.7372262773724	0.1847496455307142
0	4	4	5196.0	6650.0	6080.700729927007	332.81030113802206	3811.905109489051	0.18932738388071996
0	4	5	4591.0	6972.0	6137.890510948905	539.5429530798446	3869.094890510949	0.1921678511312383
0	4	6	5044.0	7598.0	6476.708029197081	653.1015050441549	4207.912408759124	0.20899603349684903
0	4	7	4787.0	7361.0	6409.766423357664	607.5321979215408	4140.970802919708	0.20567121854413636
0	4	8	5740.0	9165.0	8375.357664233577	785.4731127426087	6106.562043795621	0.30329700846412116
0	4	9	4716.0	8210.0	7163.489051094891	873.700371954121	4894.693430656935	0.2431066554667303
0	4	10	6215.0	12289.0	10236.233576642337	1571.3205679916912	7967.4379562043805	0.39572186115680075
0	4	11	5643.0	9260.0	8154.41605839416	854.6479120455167	5885.620437956204	0.2923234152023547
0	4	12	4577.0	7755.0	6383.510948905109	786.0542575644014	4114.715328467153	0.20436717761240508
0	4	13	3810.0	6276.0	5436.919708029197	747.5597562028281	3168.124087591241	0.15735245975037968
0	4	14	4693.0	7782.0	6422.773722627737	760.3499773972194	4153.978102189781	0.2063172571708656
0	4	15	4771.0	7626.0	6593.167883211679	727.4219744831245	4324.3722627737225	0.21478029067387774
0	4	16	5333.0	7837.0	6870.708029197081	633.4316802449963	4601.912408759124	0.22856498579403842
0	4	17	6535.0	9479.0	8610.313868613139	723.544977583052	6341.518248175183	0.3149666702799392
0	4	18	8765.0	11763.0	11014.029197080292	649.4138979926194	8745.233576642335	0.4343529408352605
0	4	19	7081.0	11771.0	9916.61313868613	858.3858076798017	7647.817518248175	0.3798471476959587
0	4	20	8037.0	12848.0	11737.532846715329	1149.5859360138359	9468.737226277372	0.4702874799381804
0	4	21	6761.0	11065.0	10044.883211678833	963.5436669009367	7776.0875912408765	0.3862179876440581
0	4	22	8241.0	11454.0	10386.591240875912	558.259461008111	8117.795620437956	0.403189734148942
0	4	23	7640.0	12079.0	10556.459854014598	1069.589407302954	8287.664233576641	0.4116266650811771
0	5	0	5315.0	9634.0	8564.686131386861	992.8799002650647	6295.890510948905	0.31270045958651355
0	5	1	5178.0	9484.0	7870.919708029197	927.8831304641302	5602.124087591241	0.2782428909467221
0	5	2	6364.0	9351.0	8377.12408759124	775.1101576859089	6108.328467153285	0.30338474210478805
0	5	3	5907.0	9104.0	8021.094890510949	727.9272333867267	5752.299270072993	0.28570170054623256
0	5	4	5202.0	7918.0	6812.92700729927	645.0383553921482	4544.131386861314	0.22569515315139602
0	5	5	7022.0	11302.0	10178.07299270073	970.9054266889573	7909.277372262774	0.39283317665748607
0	5	6	4518.0	7307.0	6180.19708029197	595.8243651522315	3911.4014598540143	0.1942691080787819
0	5	7	3910.0	7504.0	6460.21897810219	1072.749489117515	4191.423357664234	0.20817706533872254
0	5	8	4482.0	7586.0	6382.299270072993	704.9427841296923	4113.503649635037	0.20430699668533606
0	5	9	5195.0	8092.0	7302.824817518248	624.294977623114	5034.029197080292	0.25002709954396635
0	5	10	5121.0	8263.0	7515.788321167884	750.8044943166839	5246.9927007299275	0.26060444127991056
0	5	11	6080.0	8335.0	7618.620437956204	476.0271885986145	5349.824817518248	0.265711844295265
0	5	12	7023.0	10441.0	9090.795620437957	762.9532706633955	6822.000000000001	0.33883094561275606
0	5	13	5695.0	10877.0	9078.39416058394	1330.5373989353513	6809.598540145985	0.3382149974495613
0	5	14	5941.0	7717.0	6875.744525547445	431.08935250262624	4606.948905109489	0.2288151354306507
0	5	15	3146.0	5202.0	4506.379562043796	415.60409843749386	2237.5839416058398	0.11113495790416661
0	5	16	3883.0	5631.0	5093.85401459854	395.49179251069586	2825.0583941605837	0.140313281604322
0	5	17	6943.0	11075.0	8941.83211678832	916.7292608968347	6673.036496350364	0.3314323169403146
0	5	18	8292.0	14347.0	12694.284671532847	1481.532587583592	10425.48905109489	0.5178068475018933
0	5	19	7865.0	13513.0	11702.372262773722	1413.9533335719063	9433.576642335767	0.4685411454460622
0	5	20	4482.0	6515.0	5548.912408759124	407.7412399328149	3280.1167883211683	0.16291484507580442
0	5	21	4537.0	6250.0	5482.6423357664235	433.6452829557797	3213.8467153284673	0.1596233834079734
0	5	22	4451.0	6839.0	5710.043795620438	536.492268304207	3441.2481751824816	0.17091782076887296
0	5	23	3504.0	4869.0	4143.700729927007	328.8531847676349	1874.905109489051	0.09312164631814175
0	6	0	4261.0	6395.0	5198.788321167884	422.74770724422507	2929.9927007299275	0.14552509490278426
0	6	1	3511.0	7145.0	5203.883211678832	959.0748994373619	2935.0875912408756	0.14577814482503845
0	6	2	5746.0	10262.0	7821.78102189781	895.2960462995111	5552.985401459854	0.2758023005790783
0	6	3	8611.0	20984.0	17715.576642335767	2980.1791466153504	15446.781021897812	0.7672013222402242
0	6	4	4199.0	7518.0	6592.080291970803	935.6205007624475	4323.284671532847	0.2147262728537977
0	6	5	4865.0	7303.0	6305.226277372263	608.4118790741517	4036.430656934307	0.20047898217375687
0	6	6	5909.0	7923.0	7099.795620437956	424.46911719377965	4831.0	0.2399431689028473
0	6	7	5734.0	8330.0	7628.211678832116	503.0167730605502	5359.41605839416	0.26618821621194416
0	6	8	4494.0	6669.0	6055.985401459854	428.1354923214327	3787.189781021898	0.18809983798279334
0	6	9	4087.0	6569.0	5936.124087591241	598.4030886851058	3667.3284671532847	0.18214663916712498
0	6	10	4247.0	8649.0	7195.065693430657	1167.3579029559944	4926.270072992701	0.24467498492757808
0	6	11	5061.0	7001.0	6432.985401459854	423.1891175314889	4164.189781021898	0.20682444462248978
0	6	12	4372.0	6827.0	6047.598540145986	631.8068331457154	3778.8029197080295	0.18768328445747803
0	6	13	5408.0	9474.0	7962.868613138686	995.995642985378	5694.07299270073	0.2828097532255708
0	6	14	7713.0	10121.0	9150.065693430657	441.67400815100046	6881.270072992701	0.34177473553926646
0	6	15	5089.0	7424.0	6819.970802919708	475.3495763430295	4551.175182481752	0.22604500010694806
0	6	16	3890.0	6901.0	5916.124087591241	650.138259563206	3647.3284671532847	0.18115329133478034
0	6	17	5570.0	7424.0	6752.5474452554745	412.83802497438245	4483.751824817518	0.22269625779768987
0	6	18	6074.0	8219.0	7352.569343065694	496.5936733449017	5083.773722627738	0.2524977803751447
0	6	19	5863.0	8892.0	7988.569343065694	619.9833109188888	5719.773722627738	0.2840862414437042
0	6	20	6410.0	9076.0	8313.51094890511	660.9940944471032	6044.715328467154	0.3002252434336627
0	6	21	6317.0	8674.0	7743.160583941606	418.05979085421296	5474.36496350365	0.2718974284979892
0	6	22	5582.0	9745.0	8647.70802919708	1054.8367462242952	6378.9124087591235	0.31682394069785946
0	6	23	6281.0	9402.0	8337.985401459853	701.1826982006214	6069.189781021897	0.3014408256533165
0	7	0	6426.0	10456.0	9164.087591240876	881.4161021972185	6895.291970802919	0.3424711666290234
0	7	1	7012.0	11420.0	9896.686131386861	1155.1659592496605	7627.890510948905	0.3788574252206664
0	7	2	6336.0	9535.0	8279.452554744526	764.509059797075	6010.65693430657	0.29853365183303493
0	7	3	4638.0	8893.0	7498.7226277372265	1038.9051486026258	5229.92700729927	0.25975683280107054
0	7	4	5312.0	8246.0	7355.729927007299	588.885856108176	5086.934306569343	0.25265475833551154
0	7	5	4078.0	6726.0	5607.19708029197	590.9969124958674	3338.4014598540143	0.16580969268210802
0	7	6	3129.0	4744.0	4264.087591240876	452.69830679741165	1995.2919708029194	0.09910094770458704
0	7	7	4041.0	6019.0	5384.0	523.6026221118005	3115.204379562044	0.15472407588742396
0	7	8	3286.0	5182.0	4659.890510948905	481.7448323669254	2391.094890510949	0.11875944632096955
0	7	9	3535.0	6289.0	5401.58394160584	722.2573950747973	3132.7883211678836	0.15559742440133575
0	7	10	4113.0	6089.0	5590.58394160584	441.87855402241206	3321.7883211678836	0.16498456141699258
0	7	11	4782.0	6935.0	6394.919708029197	411.81570796817095	4126.124087591241	0.20493382091968781
0	7	12	6014.0	9441.0	8372.569343065694	718.7246240596688	6103.773722627738	0.30315851982472125
0	7	13	6273.0	9711.0	8876.467153284671	781.4038088697171	6607.671532846715	0.32818580969993283
0	7	14	11968.0	23469.0	19331.883211678833	2432.0193620603986	17063.087591240877	0.8474790535932909
0	7	15	6827.0	10540.0	9125.2700729927	780.7945284400413	6856.474452554744	0.3405432017485822
0	7	16	5370.0	7071.0	6500.92700729927	368.60285967732455	4232.131386861314	0.21019892696681966
0	7	17	4399.0	6947.0	5754.693430656935	656.2316390937752	3485.8978102189785	0.17313545167779715
0	7	18	5400.0	7318.0	6825.445255474453	395.79502864688516	4556.649635036497	0.2263169018858745
0	7	19	5664.0	7692.0	7013.912408759124	457.36718538977095	4745.116788321168	0.23567757379504917
0	7	20	5145.0	6137.0	5773.14598540146	229.19518846151973	3504.350364963504	0.1740519419406319
0	7	21	4499.0	6393.0	5698.394160583942	424.47326108650844	3429.5985401459857	0.1703392137833175
0	7	22	5067.0	7024.0	6021.832116788321	298.61943539599287	3753.0364963503653	0.18640353341799754
0	7	23	5685.0	8453.0	7263.204379562044	628.6511720796749	4994.408759124088	0.2480592557359493
0	8	0	5524.0	8389.0	7062.481751824817	635.6055600554317	4793.686131386861	0.23808988637768463
0	8	1	5354.0	7569.0	6866.6277372262775	478.2947344980067	4597.832116788321	0.22836232833481188
0	8	2	6229.0	10004.0	8683.569343065694	838.7895935742979	6414.773722627738	0.3186050786176804
0	8	3	6270.0	11026.0	9518.007299270073	1088.7193805807865	7249.211678832117	0.36004943536876594
0	8	4	10378.0	18505.0	15764.014598540147	1828.572434125632	13495.218978102192	0.6702723259457016
0	8	5	3747.0	6718.0	4858.36496350365	518.2203692603746	2589.569343065694	0.12861715468202176
0	8	6	4374.0	5985.0	5291.328467153285	363.1256894189882	3022.5328467153286	0.150121322573757
0	8	7	4870.0	8252.0	6810.489051094891	793.5642892225179	4541.693430656935	0.22557406622584744
0	8	8	4096.0	5868.0	5325.503649635037	373.4405245206113	3056.7080291970806	0.15181871474566852
0	8	9	4691.0	6736.0	6160.058394160584	391.9179041889677	3891.2627737226276	0.1932688720680378
0	8	10	4826.0	6916.0	6036.394160583942	440.2331327173377	3767.5985401459857	0.18712679214994188
0	8	11	4974.0	6582.0	5963.474452554745	328.29407728554025	3694.6788321167887	0.18350506045464154
0	8	12	5195.0	7721.0	6617.744525547445	550.2103612309018	4348.948905109489	0.2160009483934049
0	8	13	4967.0	7821.0	6589.321167883211	678.7048537071802	4320.525547445255	0.21458923435721874
0	8	14	8280.0	12823.0	11389.642335766423	899.3108205832027	9120.846715328466	0.45300866569096215
0	8	15	6998.0	9210.0	8452.467153284671	491.92537470718787	6183.671532846715	0.3071268356542265
0	8	16	5869.0	8765.0	7707.970802919708	706.7147371673366	5439.175182481752	0.27014964386304996
0	8	17	7442.0	11146.0	9882.233576642337	927.3862960490701	7613.4379562043805	0.3781396045243006
0	8	18	5890.0	8509.0	7632.445255474453	574.4706760512369	5363.649635036497	0.26639848692098067
0	8	19	5182.0	6617.0	6213.978102189781	328.42401008347883	3945.1824817518245	0.1959469233226107
0	8	20	6951.0	10143.0	8913.14598540146	787.9972243544911	6644.350364963503	0.33000755161874
0	8	21	4628.0	7335.0	6171.751824817518	647.7493135853731	3902.956204379562	0.19384965426782472
0	8	22	5792.0	8367.0	7560.824817518248	610.2756597228422	5292.029197080292	0.26284128658121214
0	8	23	6575.0	9488.0	8118.379562043796	692.5045883409988	5849.58394160584	0.29053357642560823
0	9	0	2931.0	4249.0	3623.21897810219	331.9927292641243	1354.4233576642337	0.06727067532063565
0	9	1	3433.0	4852.0	4333.094890510949	326.136156229529	2064.299270072993	0.1025283602618813
0	9	2	3324.0	8568.0	4582.131386861314	940.4231589580726	2313.335766423358	0.11489735345309823
0	9	3	3880.0	8099.0	4973.007299270073	782.6882361108596	2704.2116788321173	0.13431114046844692
0	9	4	3759.0	11285.0	5170.138686131387	1347.6678013084513	2901.3430656934306	0.1441021422597358
0	9	5	4917.0	7219.0	6286.036496350365	566.1903183554085	4017.240875912409	0.19952587580469333
0	9	6	4720.0	7841.0	6767.379562043796	640.7089723316487	4498.58394160584	0.22343293035072795
0	9	7	5459.0	8262.0	7165.832116788321	624.39572634554	4897.036496350365	0.24322302942811083
0	9	8	5389.0	9731.0	7302.729927007299	749.7577305139547	5033.934306569343	0.25002238657979825
0	9	9	4428.0	8255.0	6804.481751824817	826.7361242560106	4535.686131386861	0.22527569934043878
0	9	10	5818.0	8779.0	7780.138686131387	530.291570499078	5511.343065693431	0.2737340343807111
0	9	11	5414.0	7355.0	6481.890510948905	433.9348466755071	4213.094890510949	0.20925343384756606
0	9	12	3916.0	6060.0	5071.605839416058	453.95207957876545	2802.810218978102	0.1392082727747649
0	9	13	4471.0	6551.0	5833.591240875912	527.9101632957533	3564.795620437956	0.17705410011568515
0	9	14	3689.0	9256.0	5135.306569343065	945.631982591877	2866.510948905109	0.14237212187435308
0	9	15	4161.0	5664.0	5195.941605839416	363.606137235935	2927.14598540146	0.1453837059777425
0	9	16	3389.0	6450.0	4927.92700729927	635.7596039735887	2659.1313868613142	0.13207211995291387
0	9	17	4465.0	7857.0	6469.459854014599	781.3509794937618	4200.664233576643	0.2086360355415504
0	9	18	3333.0	5368.0	4684.5474452554745	424.2375162086287	2415.7518248175184	0.11998409193325428
0	9	19	4713.0	6753.0	5803.153284671533	448.97708723325195	3534.3576642335765	0.17554232622485408
0	9	20	5779.0	8409.0	7485.58394160584	492.184202162035	5216.788321167884	0.25910426853164703
0	9	21	7374.0	11831.0	10055.430656934306	1153.7118408425479	7786.63503649635	0.38674185173812303
0	9	22	7344.0	11852.0	10458.83211678832	875.9311983569515	8190.036496350364	0.4067777500236554
0	9	23	7188.0	10053.0	9197.897810218978	616.2600468656204	6929.1021897810215	0.34415043201567314
1	0	0	2795.0	7443.0	5680.489051094891	1406.4879085906118	2868.7737226277377	0.12867665595621702
1	0	1	4497.0	7951.0	6589.861313868613	922.9238479712958	3778.14598540146	0.16946585479406664
1	0	2	4273.0	7193.0	6201.233576642336	767.281855018604	3389.5182481751826	0.1520342542311951
1	0	3	2747.0	4573.0	3199.8540145985403	326.008086784984	388.1386861313872	0.017409664549241123
1	0	4	2397.0	3592.0	2911.299270072993	252.9763522127613	99.58394160583975	0.004466761700898867
1	0	5	2416.0	3347.0	2858.4598540145985	163.5397062147357	46.74452554744539	0.002096690019244765
1	0	6	4409.0	9164.0	7148.970802919708	1285.8116568099392	4337.255474452555	0.19454428422787523
1	0	7	6216.0	9503.0	8303.12408759124	714.8764439239038	5491.408759124088	0.2463129489925476
1	0	8	5747.0	9662.0	8427.277372262773	950.2475507956041	5615.56204379562	0.25188174982598516
1	0	9	4468.0	8785.0	7450.394160583942	1073.690901665182	4638.678832116789	0.20806439889756798
1	0	10	5469.0	8556.0	7334.715328467153	741.6561053887234	4523.0	0.20287571316599534
1	0	11	7710.0	12415.0	10344.700729927008	1099.4344559882454	7532.985401459855	0.3378863112072076
1	0	12	6620.0	14277.0	11715.56204379562	1884.6014084014512	8903.846715328467	0.3993752492356772
1	0	13	6288.0	9871.0	8535.861313868612	835.5523374187329	5724.145985401459	0.25675219965832197
1	0	14	4965.0	7746.0	6764.751824817518	662.1193665822374	3953.0364963503653	0.17731043519086623
1	0	15	5278.0	8093.0	7314.656934306569	523.3355890759519	4502.941605839416	0.20197600920395842
1	0	16	3805.0	6614.0	5374.934306569343	767.3231565220702	2563.21897810219	0.11497123108182525
1	0	17	3755.0	7921.0	6242.41605839416	1252.7961059069135	3430.700729927007	0.15388146302079203
1	0	18	4146.0	7626.0	6212.131386861314	785.4827086268284	3400.416058394161	0.15252306719164677
1	0	19	3764.0	6598.0	5489.576642335766	736.4826954021923	2677.8613138686133	0.12011342556062883
1	0	20	3680.0	7013.0	5646.963503649635	941.8983756907168	2835.2481751824816	0.12717289311137142
1	0	21	3579.0	9278.0	7165.248175182482	1636.249930485874	4353.532846715329	0.19527439333826183
1	0	22	4484.0	7961.0	6458.321167883211	1006.3562471077246	3646.605839416058	0.16356572193385274
1	0	23	2790.0	5571.0	4446.503649635037	799.8908668584991	1634.7883211678836	0.07332718251876512
1	1	0	4415.0	6650.0	5798.934306569343	555.6892144045822	2987.21897810219	0.1339894274962365
1	1	1	5909.0	9720.0	8165.693430656935	1169.3635181914624	5353.978102189782	0.2401486017592028
1	1	2	5554.0	10669.0	8891.883211678833	1469.384715499161	6080.1678832116795	0.27272129017810076
1	1	3	7646.0	11573.0	10022.2700729927	977.9072982022378	7210.554744525547	0.323423930160971
1	1	4	7314.0	11214.0	9828.401459854014	1008.2859980290228	7016.686131386861	0.31472810147403457
1	1	5	6146.0	9208.0	7911.109489051095	918.1012910191666	5099.394160583942	0.22872943335020549
1	1	6	5144.0	8266.0	7277.284671532847	698.9015641042937	4465.569343065694	0.20029970487876586
1	1	7	4157.0	7506.0	6173.6423357664235	902.3632105658671	3361.9270072992704	0.15079667017861154
1	1	8	4346.0	6726.0	5914.525547445255	588.246685452175	3102.810218978102	0.1391741843895469
1	1	9	5655.0	9279.0	7640.386861313868	856.5655021841517	4828.671532846715	0.21658637649140333
1	1	10	5000.0	6488.0	5839.262773722628	326.9556605591371	3027.5474452554745	0.13579833011277728
1	1	11	6319.0	9078.0	8043.226277372263	679.2949523186514	5231.51094890511	0.23465543106231201
1	1	12	5884.0	8318.0	7112.459854014599	578.2078424219217	4300.744525547446	0.19290661347892735
1	1	13	6564.0	10338.0	8663.12408759124	995.4319151626319	5851.408759124088	0.2624604742500666
1	1	14	5911.0	14589.0	8119.912408759124	1748.030486149099	5308.197080291971	0.23809512896084192
1	1	15	3794.0	8310.0	4929.211678832116	863.2860478722201	2117.4963503649633	0.09497868277839581
1	1	16	3488.0	5135.0	4540.087591240876	401.7847037328749	1728.3722627737225	0.07752481879870529
1	1	17	4114.0	5972.0	5193.226277372263	427.4645838907512	2381.51094890511	0.10682085610695347
1	1	18	3545.0	5166.0	4413.832116788321	430.76741659069523	1602.1167883211683	0.07186172584697569
1	1	19	4501.0	7882.0	6419.751824817518	922.4408221176823	3608.0364963503653	0.16183572348574388
1	1	20	3444.0	6154.0	4903.255474452555	665.9519284585068	2091.540145985402	0.09381443704003946
1	1	21	4687.0	11300.0	7837.109489051095	1816.5251276529566	5025.394160583942	0.2254102198250488
1	1	22	5983.0	15469.0	10194.102189781022	2659.540393964251	7382.386861313869	0.3311313286217832
1	1	23	2888.0	5046.0	4048.4160583941607	517.5410560914291	1236.7007299270076	0.05547126742357919
1	2	0	4823.0	7812.0	6795.759124087591	730.3026017217658	3984.043795620438	0.1787012439356744
1	2	1	4300.0	6100.0	5464.270072992701	407.53263138294386	2652.554744525548	0.11897831870605022
1	2	2	4710.0	6183.0	5720.992700729927	312.2051196105451	2909.2773722627735	0.13049341624928212
1	2	3	4783.0	7293.0	6336.474452554745	507.54233495246444	3524.7591240875918	0.1581003805079857
1	2	4	5792.0	7742.0	6973.21897810219	462.6519577921918	4161.503649635037	0.18666107025483097
1	2	5	8351.0	13154.0	11402.12408759124	1144.147849128565	8590.408759124088	0.38531622891769013
1	2	6	6249.0	8628.0	7680.85401459854	514.3328422813438	4869.138686131387	0.2184014997685259
1	2	7	5559.0	8044.0	7066.4525547445255	561.0858297926981	4254.737226277372	0.1908429911817225
1	2	8	5946.0	8308.0	7455.956204379562	574.295781916134	4644.240875912409	0.20831388012721577
1	2	9	4450.0	6693.0	5998.36496350365	498.75634856511454	3186.649635036497	0.14293473741282073
1	2	10	4880.0	6885.0	6176.255474452555	494.1223804888391	3364.540145985402	0.1509138805200996
1	2	11	5107.0	7509.0	6478.788321167884	550.699227061498	3667.0729927007305	0.16448376047444652
1	2	12	5800.0	7463.0	6752.489051094891	411.131582571886	3940.7737226277377	0.17676039783416242
1	2	13	4963.0	6347.0	5869.839416058394	326.0829972292475	3058.124087591241	0.13716982206946315
1	2	14	4940.0	7302.0	6095.970802919708	526.7708222189821	3284.255474452555	0.1473127728496322
1	2	15	3366.0	4622.0	3944.788321167883	254.78183951167892	1133.07299270073	0.050823124356243476
1	2	16	3314.0	4476.0	3986.6715328467153	293.21546758938644	1174.9562043795622	0.052701763851937804
1	2	17	3435.0	5169.0	4372.700729927007	463.85435031730253	1560.985401459854	0.07001680887969831
1	2	18	3803.0	6956.0	5842.941605839416	773.030227002261	3031.226277372263	0.13596334131978843
1	2	19	5047.0	7140.0	6410.401459854014	411.1204285395692	3598.6861313868612	0.1614163200012572
1	2	20	3672.0	5858.0	5250.467153284671	459.3514778066575	2438.7518248175184	0.10938835191128159
1	2	21	3010.0	4516.0	3810.6861313868612	333.9012876282101	998.9708029197081	0.0448080729768611
1	2	22	3527.0	5294.0	4701.350364963504	428.27907324205285	1889.635036496351	0.08475813744254894
1	2	23	3644.0	5500.0	4705.408759124088	508.8296339574788	1893.6934306569347	0.08494017361536281
1	3	0	4582.0	8877.0	6843.883211678832	1153.7042965627095	4032.1678832116786	0.18085981315754834
1	3	1	7819.0	13748.0	11889.759124087592	1458.008702091897	9078.043795620439	0.40718872632956793
1	3	2	7739.0	12212.0	10868.416058394161	1039.05957652281	8056.700729927008	0.3613771625799109
1	3	3	6797.0	10863.0	8930.65693430657	1016.6278053820024	6118.941605839416	0.274460455915488
1	3	4	4829.0	6847.0	6170.379562043796	434.98269288401616	3358.664233576643	0.15065032095334568
1	3	5	4260.0	6317.0	5108.065693430657	462.1058925687469	2296.350364963504	0.10300104310655861
1	3	6	4643.0	6161.0	5603.8175182481755	349.6452239514089	2792.1021897810224	0.12523761286406415
1	3	7	4106.0	6050.0	5160.043795620438	478.4873049611836	2348.3284671532847	0.105332481211968
1	3	8	3578.0	5212.0	4205.605839416058	397.8458421088469	1393.890510948905	0.06252189508823187
1	3	9	4028.0	5377.0	4793.861313868613	309.03788513426804	1982.1459854014602	0.08890764545377755
1	3	10	4492.0	6076.0	5446.883211678832	374.5363617330065	2635.1678832116786	0.11819844431100943
1	3	11	11208.0	20933.0	16711.328467153286	2602.8658558163997	13899.613138686133	0.623456539518547
1	3	12	7536.0	12238.0	10115.992700729927	1266.629069015764	7304.2773722627735	0.327627787101493
1	3	13	9431.0	20316.0	15722.861313868612	2845.769474104039	12911.14598540146	0.5791195997299577
1	3	14	8286.0	16279.0	12892.985401459853	2075.102105869809	10081.2700729927	0.4521876753653327
1	3	15	5687.0	9633.0	7905.291970802919	1078.1570956728726	5093.576642335766	0.22846849300895966
1	3	16	5257.0	8183.0	7032.0	771.6811670174488	4220.284671532847	0.18929764813193561
1	3	17	3918.0	6150.0	5227.554744525547	620.7030634183166	2415.839416058394	0.10836063330253558
1	3	18	5878.0	10412.0	8560.678832116788	1187.9879117422386	5748.963503649635	0.25786537049927016
1	3	19	4218.0	7241.0	5669.992700729927	830.2816451304018	2858.2773722627735	0.12820585017113362
1	3	20	3837.0	6987.0	5178.532846715329	865.4345393661303	2366.8175182481755	0.10616179348847442
1	3	21	4001.0	5820.0	5197.423357664234	414.98158574716473	2385.7080291970806	0.1070091129403491
1	3	22	4181.0	6003.0	5235.92700729927	439.15665560515123	2424.2116788321173	0.10873616475976136
1	3	23	4168.0	7194.0	5880.708029197081	776.5783089995415	3068.9927007299275	0.13765732541716078
1	4	0	4680.0	7723.0	6439.525547445255	801.870873794271	3627.810218978102	0.16272265872342875
1	4	1	5371.0	6957.0	6402.255474452555	393.91657128794566	3590.540145985402	0.1610509380428754
1	4	2	5495.0	7653.0	6886.532846715329	563.9706142101483	4074.8175182481755	0.18277282998803668
1	4	3	5588.0	7354.0	6523.569343065694	413.0320062306174	3711.8540145985407	0.16649237903598096
1	4	4	5467.0	7672.0	6833.824817518248	424.2928528361011	4022.109489051095	0.1804086515637758
1	4	5	4983.0	7343.0	6434.043795620438	618.9162832846613	3622.3284671532847	0.1624767789288546
1	4	6	4280.0	7816.0	6456.751824817518	915.1860449000159	3645.0364963503653	0.16349533024832222
1	4	7	4975.0	7021.0	6152.386861313868	497.48291794757637	3340.6715328467153	0.14984327209365825
1	4	8	5900.0	8017.0	7382.080291970803	496.0349112831463	4570.36496350365	0.20500023245626384
1	4	9	5345.0	7314.0	6529.2773722627735	492.32016319379187	3717.5620437956204	0.16674840832939902
1	4	10	6924.0	11418.0	9606.503649635037	1207.8945471848672	6794.788321167884	0.30477504454320375
1	4	11	6006.0	9049.0	7997.985401459854	725.3505844579922	5186.270072992701	0.23262618609990116
1	4	12	4493.0	7189.0	5877.686131386861	679.7306208628535	3065.970802919708	0.1375217804971159
1	4	13	4917.0	6752.0	5912.138686131387	488.750420226715	3100.4233576642337	0.1390671235469028
1	4	14	5041.0	8302.0	6692.233576642336	864.8193815403589	3880.5182481751826	0.1740576845129779
1	4	15	5381.0	8567.0	7257.1021897810215	861.5838039594115	4445.386861313868	0.19939443506252413
1	4	16	4991.0	7890.0	6720.379562043796	758.0195862302177	3908.664233576643	0.17532015120788857
1	4	17	6759.0	10190.0	8889.182481751825	862.5302059414746	6077.467153284671	0.2726001509983505
1	4	18	7223.0	10466.0	9143.299270072992	728.2697904760649	6331.583941605839	0.28399836560328284
1	4	19	6679.0	9449.0	7991.116788321168	639.584528122076	5179.401459854015	0.23231809969950934
1	4	20	7322.0	12052.0	9959.102189781022	1239.7845299312837	7147.386861313869	0.32059058296756937
1	4	21	6476.0	11058.0	9026.036496350365	1125.7163040427345	6214.321167883212	0.27873863337980276
1	4	22	5800.0	9921.0	7944.759124087591	923.6141568153962	5133.043795620438	0.2302387620492558
1	4	23	6366.0	11487.0	9169.525547445255	1350.209428637189	6357.810218978102	0.2851747252596143
1	5	0	6871.0	11504.0	10068.591240875912	1154.722105318396	7256.875912408759	0.32550163079528194
1	5	1	7700.0	10893.0	9658.328467153284	743.2718518333519	6846.613138686131	0.30709960718165435
1	5	2	7136.0	11308.0	10150.058394160584	1032.0570746759013	7338.343065693431	0.3291557777822886
1	5	3	7675.0	10636.0	9234.408759124088	787.3466382389926	6422.693430656935	0.2880850122023168
1	5	4	6555.0	9567.0	8472.284671532847	766.7475517222953	5660.569343065694	0.2539005178863636
1	5	5	9810.0	14233.0	12556.07299270073	1210.17921397081	9744.357664233577	0.4370757263930842
1	5	6	5451.0	8130.0	6973.240875912409	544.0262689044074	4161.525547445256	0.18666205246439654
1	5	7	5447.0	8099.0	6875.919708029197	619.5652182637975	4064.204379562044	0.18229678575193706
1	5	8	5592.0	7751.0	6910.386861313868	443.30271572288177	4098.671532846715	0.18384278360810097
1	5	9	5758.0	7620.0	6822.029197080292	413.8734521993166	4010.3138686131388	0.17987956801113691
1	5	10	5409.0	7286.0	6632.875912408759	400.72653586688597	3821.160583941606	0.17139524178398066
1	5	11	5808.0	8048.0	7017.19708029197	584.1192696426674	4205.481751824817	0.18863367446562884
1	5	12	5780.0	9036.0	7701.262773722628	776.2340011619543	4889.5474452554745	0.21931691908361153
1	5	13	6273.0	10574.0	8756.445255474453	1198.7979268448335	5944.7299270073	0.2666463240152203
1	5	14	4655.0	7684.0	6697.6277372262775	698.4617974236554	3885.9124087591244	0.1742996354692899
1	5	15	3730.0	5398.0	4645.518248175183	346.0480054718221	1833.8029197080295	0.08225383045360403
1	5	16	4108.0	6476.0	5156.85401459854	564.1444269102652	2345.1386861313867	0.10518940601858731
1	5	17	6331.0	11315.0	8352.350364963504	1066.5597497895697	5540.635036496351	0.2485209560958872
1	5	18	6642.0	13481.0	10826.905109489051	1737.2470737754454	8015.189781021898	0.3595152206468308
1	5	19	7228.0	13107.0	10802.897810218978	1556.3008427067937	7991.1824817518245	0.35843839155980767
1	5	20	4501.0	6757.0	5590.14598540146	562.2414116748666	2778.430656934307	0.12462438669197712
1	5	21	3331.0	4854.0	4194.941605839416	391.395594342772	1383.2262773722632	0.06204355902981269
1	5	22	3338.0	5292.0	4474.503649635037	505.2214296734533	1662.7883211678836	0.07458310114990549
1	5	23	2224.0	3513.0	2811.715328467153	340.91666975845106	0.0	0.0
1	6	0	5186.0	7232.0	6490.051094890511	464.72478131698114	3678.335766423358	0.16498894359432387
1	6	1	5179.0	7082.0	6460.861313868613	453.00943345718775	3649.14598540146	0.16367965824345568
1	6	2	6472.0	10683.0	8164.649635036496	807.1216887554345	5352.934306569343	0.24010178310324523
1	6	3	14894.0	27200.0	23590.182481751825	3087.2158602738077	20778.46715328467	0.9320022865838683
1	6	4	6692.0	9413.0	8528.109489051094	534.9927525461844	5716.394160583941	0.2564044974721199
1	6	5	5671.0	8353.0	7435.569343065694	733.5008801031294	4623.854014598541	0.2073994430216957
1	6	6	6279.0	8583.0	7589.861313868613	497.9635024199853	4778.14598540146	0.21432009162050825
1	6	7	6123.0	9238.0	8374.737226277372	655.8715717863856	5563.021897810218	0.24952510167506012
1	6	8	5791.0	7746.0	7068.386861313868	467.16082770685375	4256.671532846715	0.19092975302667875
1	6	9	5107.0	6509.0	6052.905109489051	298.72692830457953	3241.189781021898	0.1453810940373986
1	6	10	6062.0	9035.0	7774.678832116789	636.1967987038122	4962.963503649636	0.2226099403536871
1	6	11	5549.0	7423.0	6736.065693430657	394.13319270751236	3924.350364963504	0.17602374066000553
1	6	12	4898.0	7150.0	6315.664233576642	445.47782141552403	3503.948905109489	0.15716695401753175
1	6	13	6115.0	8358.0	7700.941605839416	474.2254329650949	4889.226277372263	0.21930251334331693
1	6	14	8199.0	10803.0	9785.496350364963	477.9387901383766	6973.78102189781	0.3128036255319483
1	6	15	6290.0	8897.0	7880.481751824817	535.4778803333713	5068.766423357664	0.2273556495712
1	6	16	4321.0	7057.0	6118.766423357664	606.6966397532204	3307.051094890511	0.14833525300736197
1	6	17	5502.0	8121.0	6831.124087591241	610.935738957961	4019.4087591240877	0.18028751238402557
1	6	18	5885.0	8673.0	7495.7226277372265	619.7393869950854	4684.007299270073	0.21009757269824098
1	6	19	5646.0	8694.0	7316.605839416058	836.325624011016	4504.890510948905	0.2020634258552917
1	6	20	7296.0	10986.0	9285.255474452555	970.6421769753705	6473.540145985402	0.29036570281350654
1	6	21	5005.0	7603.0	6301.7226277372265	590.5187864960851	3490.0072992700734	0.1565416139274697
1	6	22	4819.0	8740.0	7400.948905109489	890.9341538451442	4589.233576642336	0.20584656969857296
1	6	23	4323.0	7686.0	6380.153284671533	769.4098568394037	3568.4379562043796	0.16005956118805448
1	7	0	8036.0	11051.0	10076.94890510949	615.7606286389871	7265.233576642337	0.3258765074461307
1	7	1	8547.0	13883.0	12061.328467153284	1212.6289264959992	9249.61313868613	0.4148843382755935
1	7	2	7459.0	10766.0	9565.014598540147	891.9290312822759	6753.299270072994	0.30291408481968923
1	7	3	7617.0	11191.0	9792.83211678832	915.4763993596213	6981.116788321167	0.313132665736405
1	7	4	7752.0	11212.0	9867.211678832116	746.0053168736657	7055.496350364963	0.3164689042273644
1	7	5	5836.0	8663.0	7382.116788321168	713.5328434018568	4570.401459854015	0.20500186947220642
1	7	6	4733.0	6367.0	5565.737226277372	376.8960745755854	2754.0218978102193	0.12352955042958572
1	7	7	5436.0	7520.0	6592.386861313868	574.3281400673002	3780.6715328467153	0.16957913629729254
1	7	8	4715.0	6046.0	5653.8175182481755	303.3598430852983	2842.1021897810224	0.12748032470538626
1	7	9	4274.0	6795.0	5595.430656934306	584.9110892165884	2783.715328467153	0.12486142660046134
1	7	10	4699.0	6204.0	5668.883211678832	281.5326766556653	2857.1678832116786	0.12815608488647945
1	7	11	4958.0	6766.0	6149.496350364963	371.648001634524	3337.78102189781	0.14971362043100664
1	7	12	5687.0	7915.0	7134.36496350365	453.9563965183092	4322.649635036497	0.19388915044765836
1	7	13	6808.0	9948.0	8836.598540145986	682.7190497416973	6024.883211678833	0.2702415384282944
1	7	14	19690.0	32185.0	25106.153284671534	3057.046779670823	22294.437956204383	1.0
1	7	15	8534.0	11906.0	10339.591240875912	810.3645562587005	7527.875912408759	0.33765712897524763
1	7	16	5387.0	7379.0	6457.985401459854	354.4208196937285	3646.270072992701	0.1635506613871811
1	7	17	4200.0	6800.0	5621.613138686132	625.1259666962094	2809.8978102189785	0.1260358218376617
1	7	18	5394.0	7663.0	6684.116788321168	482.1824323063869	3872.4014598540152	0.1736936121673502
1	7	19	4713.0	7700.0	6535.007299270073	651.3641623586244	3723.2919708029203	0.16700541983238265
1	7	20	4423.0	5957.0	5345.941605839416	350.0005413109965	2534.226277372263	0.11367078561704697
1	7	21	3932.0	6748.0	5394.021897810219	787.7510287778045	2582.3065693430663	0.11582739041978983
1	7	22	3855.0	5753.0	4951.379562043796	367.1056734260198	2139.664233576643	0.0959730062619134
1	7	23	3914.0	7171.0	5702.131386861314	815.7553322058809	2890.416058394161	0.12964740641016156
1	8	0	6634.0	9767.0	8655.576642335767	863.206298382985	5843.861313868614	0.262121939353143
1	8	1	6446.0	9345.0	8565.649635036496	685.7069515475259	5753.934306569343	0.2580883320706483
1	8	2	8128.0	12097.0	10293.007299270073	772.9060278504143	7481.29197080292	0.3355676418261502
1	8	3	8141.0	13104.0	11831.416058394161	1064.410397703927	9019.700729927008	0.4045717926437742
1	8	4	16428.0	24557.0	21776.109489051094	2142.5364870214275	18964.394160583943	0.8506334269488183
1	8	5	4981.0	8105.0	6280.693430656935	571.1644911165337	3468.9781021897816	0.15559836534136037
1	8	6	5453.0	9151.0	7028.861313868613	677.0275776649348	4217.14598540146	0.1891568647608745
1	8	7	5668.0	7703.0	6966.43795620438	568.748728005221	4154.7226277372265	0.1863569126927013
1	8	8	5007.0	6875.0	6190.328467153285	462.14951918261403	3378.6131386861316	0.15154511386755493
1	8	9	5315.0	9307.0	7282.868613138686	968.4523874348235	4471.153284671533	0.20055016831797917
1	8	10	5388.0	7418.0	6444.1021897810215	470.8385711352661	3632.3868613138684	0.16292794052262713
1	8	11	4576.0	7535.0	6355.36496350365	612.4376063768408	3543.649635036497	0.15894769995986036
1	8	12	6065.0	8855.0	7750.912408759124	767.8164941846127	4939.197080291971	0.22154391557188496
1	8	13	5149.0	8639.0	6774.948905109489	878.7783492303382	3963.2335766423357	0.1777678174452205
1	8	14	7907.0	12481.0	10560.306569343065	1080.955878473551	7748.591240875912	0.3475571465895391
1	8	15	6526.0	9892.0	8541.583941605839	772.7454839567333	5729.868613138686	0.2570088837581171
1	8	16	4921.0	8464.0	7166.007299270073	943.4201117737898	4354.29197080292	0.19530844326986732
1	8	17	6387.0	11461.0	9643.138686131388	1353.295178783568	6831.423357664235	0.30641828114635644
1	8	18	5477.0	8719.0	7574.518248175183	882.1342193309108	4762.80291970803	0.21363189011825146
1	8	19	4362.0	6740.0	5408.605839416058	537.4683897362248	2596.890510948905	0.11648154199044111
1	8	20	6082.0	9721.0	8076.58394160584	934.5337437833069	5264.868613138687	0.23615166363382178
1	8	21	3728.0	6140.0	4817.613138686132	652.117594142967	2005.8978102189785	0.08997301542920266
1	8	22	4141.0	6850.0	5882.255474452555	712.7383402103744	3070.540145985402	0.13772673489312579
1	8	23	3874.0	6967.0	5845.613138686132	711.1293963516888	3033.8978102189785	0.13608317088678462
1	9	0	3543.0	5147.0	4330.56204379562	422.095714356525	1518.8467153284673	0.068126710272406
1	9	1	4048.0	5686.0	4858.029197080292	394.68965734086646	2046.3138686131388	0.09178584688400562
1	9	2	4682.0	6383.0	5552.883211678832	339.9290813947	2741.1678832116786	0.12295299341461223
1	9	3	4526.0	6364.0	5418.328467153285	410.0633758315517	2606.6131386861316	0.116917643037542
1	9	4	4123.0	5960.0	5039.890510948905	451.8423833535207	2228.175182481752	0.09994309732583623
1	9	5	5368.0	7866.0	7087.613138686132	667.7982176765584	4275.8978102189785	0.1917921330252251
1	9	6	6915.0	10419.0	9007.05109489051	785.621216553835	6195.335766423357	0.2778870576864773
1	9	7	6791.0	9936.0	8860.116788321167	824.3977932735598	6048.401459854014	0.27129643150168703
1	9	8	5560.0	9109.0	8129.824817518248	960.2736887579179	5318.109489051095	0.23853974249084414
1	9	9	5996.0	9346.0	8428.233576642337	712.005847864841	5616.5182481751835	0.25192463964368056
1	9	10	6382.0	9534.0	8614.773722627737	688.7025524673267	5803.058394160584	0.2602917555293487
1	9	11	6195.0	8136.0	7328.868613138686	459.66550846173567	4517.153284671533	0.2026134632119955
1	9	12	4063.0	5547.0	4996.883211678832	367.58836604064714	2185.1678832116786	0.0980140377391107
1	9	13	4475.0	6520.0	5713.21897810219	554.8269300279522	2901.5036496350367	0.13014473185351455
1	9	14	3540.0	5205.0	4424.175182481752	434.4970198538938	1612.459854014599	0.07232565616510027
1	9	15	4158.0	10291.0	6232.7226277372265	1306.1954955131819	3421.0072992700734	0.15344667158644523
1	9	16	2982.0	5916.0	4194.36496350365	640.7277213302581	1382.6496350364969	0.06201769417792007
1	9	17	4156.0	7275.0	5853.686131386861	847.5282292003857	3041.970802919708	0.13644527881328128
1	9	18	3778.0	5249.0	4572.503649635037	400.2438801400009	1760.7883211678836	0.07897881635889677
1	9	19	4059.0	5933.0	5273.905109489051	477.4912669853037	2462.189781021898	0.11043964354960059
1	9	20	5685.0	8724.0	7323.576642335766	658.1403136046176	4511.861313868613	0.20237609590032274
1	9	21	5989.0	10858.0	8689.226277372263	1345.1951476223721	5877.51094890511	0.2636312680521933
1	9	22	5940.0	9941.0	8188.839416058394	907.1746478326236	5377.124087591241	0.2411867972699812
1	9	23	5031.0	9271.0	7523.328467153285	1085.3592662820226	4711.613138686132	0.21133581155720157
